STATE_INDEX,BITSTRING_Q0_TO_Q8,COUNT,EMPIRICAL_PROBABILITY,THEORETICAL_PROBABILITY,IS_FEASIBLE,IS_OPTIMAL,ORDER_NODE_IDS,ROAD_DISTANCE_KM,CONSTRAINT_VIOLATION,QUBO_ENERGY
161,100001010,108,0.0263671875,0.02464399236940482,True,False,IP03 -> IP05 -> IP06,189.4538,0.0,189.4538
266,010100001,104,0.025390625,0.024663876799375047,True,False,IP06 -> IP03 -> IP05,188.5478,0.0,188.5478
98,010001100,100,0.0244140625,0.024663876799375047,True,False,IP05 -> IP03 -> IP06,188.5478,0.0,188.5478
140,001100010,96,0.0234375,0.02464399236940481,True,False,IP06 -> IP05 -> IP03,189.4538,0.0,189.4538
273,100010001,94,0.02294921875,0.02487543519077783,True,True,IP03 -> IP06 -> IP05,176.28480000000002,0.0,176.2848
84,001010100,87,0.021240234375,0.024875435190777836,True,True,IP05 -> IP06 -> IP03,176.28480000000002,0.0,176.2848
129,100000010,87,0.021240234375,0.016233067597772936,False,False,INFACTIBLE,,2.0,535.2968
80,000010100,76,0.0185546875,0.015369706497635256,False,False,INFACTIBLE,,2.0,545.5909
10,010100000,69,0.016845703125,0.014783069106613105,False,False,INFACTIBLE,,2.0,571.556
258,010000001,69,0.016845703125,0.016263812966033322,False,False,INFACTIBLE,,2.0,533.8588
132,001000010,65,0.015869140625,0.016233067597772936,False,False,INFACTIBLE,,2.0,535.2968
20,001010000,64,0.015625,0.01529375661685457,False,False,INFACTIBLE,,2.0,547.5609
272,000010001,64,0.015625,0.015369706497635253,False,False,INFACTIBLE,,2.0,545.5909
68,001000100,63,0.015380859375,0.013851871194656251,False,False,INFACTIBLE,,2.0,592.3787
17,100010000,61,0.014892578125,0.015293756616854573,False,False,INFACTIBLE,,2.0,547.5609
66,010000100,60,0.0146484375,0.016263812966033322,False,False,INFACTIBLE,,2.0,533.8588
136,000100010,59,0.014404296875,0.014828454876775539,False,False,INFACTIBLE,,2.0,571.024
12,001100000,58,0.01416015625,0.012996111420889408,False,False,INFACTIBLE,,2.0,617.8118
34,010001000,58,0.01416015625,0.014783069106613105,False,False,INFACTIBLE,,2.0,571.556
2,010000000,56,0.013671875,0.01069861591833927,False,False,INFACTIBLE,,4.0,916.867
160,000001010,51,0.012451171875,0.014828454876775525,False,False,INFACTIBLE,,2.0,571.024
257,100000001,51,0.012451171875,0.013851871194656251,False,False,INFACTIBLE,,2.0,592.3787
264,000100001,50,0.01220703125,0.013041933626821002,False,False,INFACTIBLE,,2.0,616.3738
64,000000100,49,0.011962890625,0.00894752928769684,False,False,INFACTIBLE,,4.0,983.1206
16,000010000,45,0.010986328125,0.010374906780246395,False,False,INFACTIBLE,,4.0,916.867
32,000001000,45,0.010986328125,0.008441515955414397,False,False,INFACTIBLE,,4.0,1008.5536999999999
33,100001000,45,0.010986328125,0.012996111420889401,False,False,INFACTIBLE,,2.0,617.8118
128,000000010,43,0.010498046875,0.010719679538622401,False,False,INFACTIBLE,,4.0,916.867
145,100010010,43,0.010498046875,0.008146977432739386,False,False,INFACTIBLE,,2.0,556.7326
96,000001100,42,0.01025390625,0.013041933626821002,False,False,INFACTIBLE,,2.0,616.3738
8,000100000,40,0.009765625,0.008441515955414397,False,False,INFACTIBLE,,4.0,1008.5536999999999
138,010100010,40,0.009765625,0.0076931245828895075,False,False,INFACTIBLE,,2.0,592.4598
259,110000001,39,0.009521484375,0.007448008502367852,False,False,INFACTIBLE,,2.0,601.5504
1,100000000,38,0.00927734375,0.0089183499113949,False,False,INFACTIBLE,,4.0,984.5586
322,010000101,37,0.009033203125,0.007081421167961566,False,False,INFACTIBLE,,2.0,609.2841
76,001100100,36,0.0087890625,0.005963726818800047,False,False,INFACTIBLE,,2.0,684.0654
274,010010001,35,0.008544921875,0.008170843021088243,False,False,INFACTIBLE,,2.0,554.7626
256,000000001,34,0.00830078125,0.008947529287696833,False,False,INFACTIBLE,,4.0,983.1206
4,001000000,33,0.008056640625,0.0089183499113949,False,False,INFACTIBLE,,4.0,984.5586
81,100010100,33,0.008056640625,0.006530874436680578,False,False,INFACTIBLE,,2.0,634.7183
385,100000011,33,0.008056640625,0.007458364303253523,False,False,INFACTIBLE,,2.0,601.5504
162,010001010,32,0.0078125,0.0076931245828895075,False,False,INFACTIBLE,,2.0,592.4598
14,011100000,31,0.007568359375,0.0067285596340105405,False,False,INFACTIBLE,,2.0,639.2476
0,000000000,30,0.00732421875,0.006582428031203851,False,False,INFACTIBLE,,6.0,1375.3004999999998
82,010010100,30,0.00732421875,0.008170843021088246,False,False,INFACTIBLE,,2.0,554.7626
148,001010010,30,0.00732421875,0.008146977432739386,False,False,INFACTIBLE,,2.0,556.7326
100,001001100,29,0.007080078125,0.0059609039806408646,False,False,INFACTIBLE,,2.0,684.0654
112,000011100,29,0.007080078125,0.006621415857269333,False,False,INFACTIBLE,,2.0,637.2776
196,001000110,28,0.0068359375,0.007458364303253523,False,False,INFACTIBLE,,2.0,601.5504
276,001010001,28,0.0068359375,0.006530874436680585,False,False,INFACTIBLE,,2.0,634.7183
289,100001001,27,0.006591796875,0.005963726818800047,False,False,INFACTIBLE,,2.0,684.0654
21,101010000,26,0.00634765625,0.00639427444849399,False,False,INFACTIBLE,,2.0,636.6883
49,100011000,26,0.00634765625,0.006587143131525316,False,False,INFACTIBLE,,2.0,639.2476
70,011000100,26,0.00634765625,0.007448008502367852,False,False,INFACTIBLE,,2.0,601.5504
133,101000010,26,0.00634765625,0.007043209779401318,False,False,INFACTIBLE,,2.0,612.1600999999999
164,001001010,26,0.00634765625,0.006419326953758035,False,False,INFACTIBLE,,2.0,647.8873
168,000101010,26,0.00634765625,0.0058731495770699355,False,False,INFACTIBLE,,2.0,683.6144999999999
18,010010000,24,0.005859375,0.005197522393085319,False,False,INFACTIBLE,,4.0,916.867
35,110001000,24,0.005859375,0.006728559634010546,False,False,INFACTIBLE,,2.0,639.2476
130,010000010,24,0.005859375,0.005515254357751922,False,False,INFACTIBLE,,4.0,916.867
137,100100010,24,0.005859375,0.0064193269537580365,False,False,INFACTIBLE,,2.0,647.8873
280,000110001,24,0.005859375,0.006621415857269333,False,False,INFACTIBLE,,2.0,637.2776
74,010100100,23,0.005615234375,0.006427352143252731,False,False,INFACTIBLE,,2.0,646.9812999999999
97,100001100,23,0.005615234375,0.006014850602163633,False,False,INFACTIBLE,,2.0,684.0654
28,001110000,22,0.00537109375,0.006587143131525312,False,False,INFACTIBLE,,2.0,639.2476
42,010101000,22,0.00537109375,0.005846499496771888,False,False,INFACTIBLE,,2.0,684.6785
265,100100001,22,0.00537109375,0.00596090398064086,False,False,INFACTIBLE,,2.0,684.0654
291,110001001,21,0.005126953125,0.003313493480867,False,False,INFACTIBLE,,2.0,714.6729
9,100100000,20,0.0048828125,0.003499555509606965,False,False,INFACTIBLE,,4.0,1076.2453
144,000010010,20,0.0048828125,0.00521472611266877,False,False,INFACTIBLE,,4.0,916.867
224,000001110,20,0.0048828125,0.00677300971217129,False,False,INFACTIBLE,,2.0,637.2776
392,000100011,20,0.0048828125,0.006773009712171297,False,False,INFACTIBLE,,2.0,637.2776
3,110000000,19,0.004638671875,0.004460643959756907,False,False,INFACTIBLE,,4.0,984.5586
5,101000000,18,0.00439453125,0.0036781489989455456,False,False,INFACTIBLE,,4.0,1052.2502
48,000011000,18,0.00439453125,0.004125761493338817,False,False,INFACTIBLE,,4.0,1008.5536999999999
192,000000110,18,0.00439453125,0.004482622322374383,False,False,INFACTIBLE,,4.0,983.1206
290,010001001,18,0.00439453125,0.006427352143252731,False,False,INFACTIBLE,,2.0,646.9812999999999
6,011000000,17,0.004150390625,0.004460643959756907,False,False,INFACTIBLE,,4.0,984.5586
72,000100100,17,0.004150390625,0.003513013222404387,False,False,INFACTIBLE,,4.0,1074.8073
149,101010010,17,0.004150390625,0.0036573806615553626,False,False,INFACTIBLE,,2.0,655.0317
401,100010011,17,0.004150390625,0.002435122604474084,False,False,INFACTIBLE,,2.0,643.89
40,000101000,16,0.00390625,0.0034053039745631447,False,False,INFACTIBLE,,4.0,1100.2404
268,001100001,16,0.00390625,0.0060148506021636345,False,False,INFACTIBLE,,2.0,684.0654
228,001001110,15,0.003662109375,0.0033210846500543977,False,False,INFACTIBLE,,2.0,714.1409
65,100000100,14,0.00341796875,0.0037540018885835855,False,False,INFACTIBLE,,4.0,1050.8121999999998
320,000000101,14,0.00341796875,0.0036967214172196495,False,False,INFACTIBLE,,4.0,1049.3742
336,000010101,14,0.00341796875,0.006458362190224062,False,False,INFACTIBLE,,2.0,632.7483
24,000110000,13,0.003173828125,0.0041257614933388155,False,False,INFACTIBLE,,4.0,1008.5536999999999
78,011100100,13,0.003173828125,0.003313493480866995,False,False,INFACTIBLE,,2.0,714.6729
284,001110001,13,0.003173828125,0.0031646365541200152,False,False,INFACTIBLE,,2.0,726.405
113,100011100,12,0.0029296875,0.003164636554120013,False,False,INFACTIBLE,,2.0,726.405
116,001011100,12,0.0029296875,0.0017089257249067685,False,False,INFACTIBLE,,2.0,726.405
163,110001010,12,0.0029296875,0.0023534689712640436,False,False,INFACTIBLE,,2.0,669.3231
170,010101010,12,0.0029296875,0.0030537071007041153,False,False,INFACTIBLE,,2.0,726.4861
36,001001000,11,0.002685546875,0.003499555509606961,False,False,INFACTIBLE,,4.0,1076.2453
114,010011100,11,0.002685546875,0.0022091076670891015,False,False,INFACTIBLE,,2.0,667.8851
260,001000001,11,0.002685546875,0.0037540018885835855,False,False,INFACTIBLE,,4.0,1050.8121999999998
288,000001001,11,0.002685546875,0.0035130132224043863,False,False,INFACTIBLE,,4.0,1074.8073
337,100010101,11,0.002685546875,0.001696830696386505,False,False,INFACTIBLE,,2.0,721.8757
86,011010100,10,0.00244140625,0.00242645144933713,False,False,INFACTIBLE,,2.0,643.89
141,101100010,10,0.00244140625,0.0017251258287564594,False,False,INFACTIBLE,,2.0,724.7506
165,101001010,10,0.00244140625,0.001725125828756458,False,False,INFACTIBLE,,2.0,724.7506
384,000000011,10,0.00244140625,0.004482622322374386,False,False,INFACTIBLE,,4.0,983.1206
396,001100011,10,0.00244140625,0.001951891953621101,False,False,INFACTIBLE,,2.0,714.1409
106,010101100,9,0.002197265625,0.0014727631048106272,False,False,INFACTIBLE,,2.0,760.1038
142,011100010,9,0.002197265625,0.002353468971264044,False,False,INFACTIBLE,,2.0,669.3231
169,100101010,9,0.002197265625,0.0014734821438074552,False,False,INFACTIBLE,,2.0,760.4778
298,010101001,9,0.002197265625,0.001472763104810626,False,False,INFACTIBLE,,2.0,760.1038
338,010010101,9,0.002197265625,0.0036924357461582034,False,False,INFACTIBLE,,2.0,651.0917
340,001010101,9,0.002197265625,0.0016968306963865056,False,False,INFACTIBLE,,2.0,721.8757
13,101100000,8,0.001953125,0.0008976766569556907,False,False,INFACTIBLE,,4.0,1143.9369
102,011001100,8,0.001953125,0.0018638336088644845,False,False,INFACTIBLE,,2.0,714.6729
152,000110010,8,0.001953125,0.001235952208094442,False,False,INFACTIBLE,,4.0,1029.4575
208,000010110,8,0.001953125,0.0013389370754472378,False,False,INFACTIBLE,,4.0,1004.0244
212,001010110,8,0.001953125,0.0024351226044740802,False,False,INFACTIBLE,,2.0,643.89
275,110010001,8,0.001953125,0.0024264514493371305,False,False,INFACTIBLE,,2.0,643.89
277,101010001,8,0.001953125,0.0016822599443695257,False,False,INFACTIBLE,,2.0,723.8457000000001
281,100110001,8,0.001953125,0.001708925724906769,False,False,INFACTIBLE,,2.0,726.405
386,010000011,8,0.001953125,0.0014858322828651808,False,False,INFACTIBLE,,4.0,992.2923
394,010100011,8,0.001953125,0.002365817765073708,False,False,INFACTIBLE,,2.0,667.8851
417,100001011,8,0.001953125,0.0018765059759371543,False,False,INFACTIBLE,,2.0,714.1409
177,100011010,7,0.001708984375,0.0022054223673437555,False,False,INFACTIBLE,,2.0,669.3231
204,001100110,7,0.001708984375,0.001876505975937152,False,False,INFACTIBLE,,2.0,714.1409
270,011100001,7,0.001708984375,0.001942891752569717,False,False,INFACTIBLE,,2.0,714.6729
324,001000101,7,0.001708984375,0.0009882310393804273,False,False,INFACTIBLE,,4.0,1117.0657999999999
330,010100101,7,0.001708984375,0.001739157637796568,False,False,INFACTIBLE,,2.0,722.4066
393,100100011,7,0.001708984375,0.0033210846500544016,False,False,INFACTIBLE,,2.0,714.1409
22,011010000,6,0.00146484375,0.0013256554226415476,False,False,INFACTIBLE,,4.0,1005.9943999999999
44,001101000,6,0.00146484375,0.0008659054103305828,False,False,INFACTIBLE,,4.0,1167.932
67,110000100,6,0.00146484375,0.0011208485428825066,False,False,INFACTIBLE,,4.0,1059.9839
92,001110100,6,0.00146484375,0.0017126249109744175,False,False,INFACTIBLE,,2.0,726.405
200,000100110,6,0.00146484375,0.0009843620947385598,False,False,INFACTIBLE,,4.0,1095.7111
226,010001110,6,0.00146484375,0.002365817765073705,False,False,INFACTIBLE,,2.0,667.8851
282,010110001,6,0.00146484375,0.0022091076670891006,False,False,INFACTIBLE,,2.0,667.8851
305,100011001,6,0.00146484375,0.0017126249109744168,False,False,INFACTIBLE,,2.0,726.405
354,010001101,6,0.00146484375,0.0017391576377965698,False,False,INFACTIBLE,,2.0,722.4066
11,110100000,5,0.001220703125,0.000975503975458147,False,False,INFACTIBLE,,4.0,1097.6811
19,110010000,5,0.001220703125,0.001325655422641547,False,False,INFACTIBLE,,4.0,1005.9943999999999
26,010110000,5,0.001220703125,0.001229255032269061,False,False,INFACTIBLE,,4.0,1029.9895
38,011001000,5,0.001220703125,0.000975503975458147,False,False,INFACTIBLE,,4.0,1097.6811
99,110001100,5,0.001220703125,0.001942891752569717,False,False,INFACTIBLE,,2.0,714.6729
156,001110010,5,0.001220703125,0.0022054223673437555,False,False,INFACTIBLE,,2.0,669.3231
193,100000110,5,0.001220703125,0.0011232410204045612,False,False,INFACTIBLE,,4.0,1059.9839
267,110100001,5,0.001220703125,0.0018638336088644821,False,False,INFACTIBLE,,2.0,714.6729
50,010011000,4,0.0009765625,0.0012292550322690616,False,False,INFACTIBLE,,4.0,1029.9895
90,010110100,4,0.0009765625,0.00021990809009039066,False,False,INFACTIBLE,,4.0,1126.3186
104,000101100,4,0.0009765625,0.0008700748441431653,False,False,INFACTIBLE,,4.0,1166.494
134,011000010,4,0.0009765625,0.001479128359148627,False,False,INFACTIBLE,,4.0,993.7302999999999
261,101000001,4,0.0009765625,0.000985405051704003,False,False,INFACTIBLE,,4.0,1118.5038
262,011000001,4,0.0009765625,0.0011208485428825055,False,False,INFACTIBLE,,4.0,1059.9839
389,101000011,4,0.0009765625,0.0002334780077506996,False,False,INFACTIBLE,,4.0,1136.8472
37,101001000,3,0.000732421875,0.0008976766569556917,False,False,INFACTIBLE,,4.0,1143.9369
52,001011000,3,0.000732421875,0.0009474553038791955,False,False,INFACTIBLE,,4.0,1097.6811
85,101010100,3,0.000732421875,0.0016822599443695268,False,False,INFACTIBLE,,2.0,723.8457
194,010000110,3,0.000732421875,0.0014858322828651808,False,False,INFACTIBLE,,4.0,992.2923
197,101000110,3,0.000732421875,0.00023347800775069908,False,False,INFACTIBLE,,4.0,1136.8472
202,010100110,3,0.000732421875,0.00026264331974222533,False,False,INFACTIBLE,,4.0,1126.3186
230,011001110,3,0.000732421875,0.00022817079056419837,False,False,INFACTIBLE,,4.0,1203.1819
241,100011110,3,0.000732421875,0.0002162273261753458,False,False,INFACTIBLE,,4.0,1214.914
286,011110001,3,0.000732421875,0.00021487556848948135,False,False,INFACTIBLE,,4.0,1215.446
328,000100101,3,0.000732421875,0.0009046085338312751,False,False,INFACTIBLE,,4.0,1141.0609
352,000001101,3,0.000732421875,0.000904608533831276,False,False,INFACTIBLE,,4.0,1141.0609
388,001000011,3,0.000732421875,0.0011232410204045618,False,False,INFACTIBLE,,4.0,1059.9839
416,000001011,3,0.000732421875,0.0009843620947385594,False,False,INFACTIBLE,,4.0,1095.7111
418,010001011,3,0.000732421875,0.00026264331974222533,False,False,INFACTIBLE,,4.0,1126.3186
428,001101011,3,0.000732421875,0.00019614449115408164,False,False,INFACTIBLE,,6.0,1743.5983999999999
7,111000000,2,0.00048828125,0.00038427810325225776,False,False,INFACTIBLE,,6.0,1510.6836999999998
25,100110000,2,0.00048828125,0.0009474553038791968,False,False,INFACTIBLE,,4.0,1097.6811
43,110101000,2,0.00048828125,0.00015206595818975573,False,False,INFACTIBLE,,4.0,1210.8036
46,011101000,2,0.00048828125,0.00015206595818975543,False,False,INFACTIBLE,,4.0,1210.8036
53,101011000,2,0.00048828125,0.00016271206532867443,False,False,INFACTIBLE,,4.0,1186.8085
73,100100100,2,0.00048828125,0.0004171621825015225,False,False,INFACTIBLE,,6.0,1600.9324
88,000110100,2,0.00048828125,0.0009540096802269977,False,False,INFACTIBLE,,4.0,1095.7111
105,100101100,2,0.00048828125,0.0001651548758826255,False,False,INFACTIBLE,,6.0,1692.6191
110,011101100,2,0.00048828125,0.0001268712452437687,False,False,INFACTIBLE,,4.0,1286.2289
119,111011100,2,0.00048828125,3.354370378408327e-05,False,False,INFACTIBLE,,8.0,2221.4404
124,001111100,2,0.00048828125,0.00018659895308481477,False,False,INFACTIBLE,,6.0,1734.9587
139,110100010,2,0.00048828125,0.00025925059551671514,False,False,INFACTIBLE,,4.0,1127.7566
171,110101010,2,0.00048828125,0.00015469124918960738,False,False,INFACTIBLE,,4.0,1261.7829
176,000011010,2,0.00048828125,0.0012359522080944432,False,False,INFACTIBLE,,4.0,1029.4575
184,000111010,2,0.00048828125,0.00013255625094547223,False,False,INFACTIBLE,,6.0,1600.4814999999999
225,100001110,2,0.00048828125,0.0019518919536211014,False,False,INFACTIBLE,,2.0,714.1409
227,110001110,2,0.00048828125,0.000120180194856883,False,False,INFACTIBLE,,4.0,1203.1819
279,111010001,2,0.00048828125,0.0001904911693514772,False,False,INFACTIBLE,,6.0,1649.8844
304,000011001,2,0.00048828125,0.0009540096802269975,False,False,INFACTIBLE,,4.0,1095.7111
307,110011001,2,0.00048828125,0.00020099722677055954,False,False,INFACTIBLE,,4.0,1215.446
312,000111001,2,0.00048828125,0.00016632183318819472,False,False,INFACTIBLE,,6.0,1645.8312999999998
313,100111001,2,0.00048828125,0.0001865989530848149,False,False,INFACTIBLE,,6.0,1734.9587
331,110100101,2,0.00048828125,0.00019901447962224038,False,False,INFACTIBLE,,6.0,1706.9651999999999
345,100110101,2,0.00048828125,0.00020060932276019897,False,False,INFACTIBLE,,6.0,1730.4294
353,100001101,2,0.00048828125,0.00020199887732558745,False,False,INFACTIBLE,,4.0,1208.7525
361,100101101,2,0.00048828125,7.735576435678555e-05,False,False,INFACTIBLE,,8.0,2217.3062
387,110000011,2,0.00048828125,0.000418055211165034,False,False,INFACTIBLE,,4.0,1069.1556
400,000010011,2,0.00048828125,0.0013389370754472362,False,False,INFACTIBLE,,4.0,1004.0244
436,001011011,2,0.00048828125,9.717816248542343e-05,False,False,INFACTIBLE,,8.0,2131.781
453,101000111,2,0.00048828125,8.417541083193442e-05,False,False,INFACTIBLE,,8.0,2119.9678
458,010100111,2,0.00048828125,0.0001856568976055697,False,False,INFACTIBLE,,6.0,1660.1773999999998
466,010010111,2,0.00048828125,0.00023001697951203722,False,False,INFACTIBLE,,8.0,2026.3921999999998
468,001010111,2,0.00048828125,0.00018955239626415143,False,False,INFACTIBLE,,6.0,1647.9144
481,100001111,2,0.00048828125,0.00017043291525318556,False,False,INFACTIBLE,,6.0,1697.2614999999998
484,001001111,2,0.00048828125,0.00022322379360962275,False,False,INFACTIBLE,,8.0,2155.6949999999997
30,011110000,1,0.000244140625,0.0003114692738144796,False,False,INFACTIBLE,,4.0,1119.1169
39,111001000,1,0.000244140625,0.0001296601924539254,False,False,INFACTIBLE,,6.0,1623.8061999999998
47,111101000,1,0.000244140625,8.241764700252554e-05,False,False,INFACTIBLE,,8.0,2195.3622
56,000111000,1,0.000244140625,0.0004179220793671596,False,False,INFACTIBLE,,6.0,1558.6738999999998
57,100111000,1,0.000244140625,0.000166092431563705,False,False,INFACTIBLE,,6.0,1647.8012999999999
58,010111000,1,0.000244140625,0.00013262298880642456,False,False,INFACTIBLE,,6.0,1601.5454999999997
61,101111000,1,0.000244140625,8.236858327893814e-05,False,False,INFACTIBLE,,8.0,2195.3622
69,101000100,1,0.000244140625,0.0009854050517040026,False,False,INFACTIBLE,,4.0,1118.5038
83,110010100,1,0.000244140625,0.0002790124121054939,False,False,INFACTIBLE,,4.0,1102.3235
87,111010100,1,0.000244140625,0.00019049116935147695,False,False,INFACTIBLE,,6.0,1649.8844
89,100110100,1,0.000244140625,0.00019194733418148978,False,False,INFACTIBLE,,6.0,1643.272
93,101110100,1,0.000244140625,0.00020046155906620325,False,False,INFACTIBLE,,6.0,1732.3993999999998
107,110101100,1,0.000244140625,0.00019626066926332745,False,False,INFACTIBLE,,6.0,1744.6623999999997
109,101101100,1,0.000244140625,7.74837860209257e-05,False,False,INFACTIBLE,,8.0,2218.7442
120,000111100,1,0.000244140625,0.00016632183318819485,False,False,INFACTIBLE,,6.0,1645.8312999999998
122,010111100,1,0.000244140625,0.0002050826857435464,False,False,INFACTIBLE,,6.0,1697.8745999999999
131,110000010,1,0.000244140625,0.0014791283591486274,False,False,INFACTIBLE,,4.0,993.7302999999999
143,111100010,1,0.000244140625,0.00018634783446273912,False,False,INFACTIBLE,,6.0,1663.0533999999998
146,010010010,1,0.000244140625,0.00037143663298021555,False,False,INFACTIBLE,,6.0,1375.3004999999998
155,110110010,1,0.000244140625,9.454438141918964e-05,False,False,INFACTIBLE,,8.0,2066.0594
157,101110010,1,0.000244140625,0.0001606428598211417,False,False,INFACTIBLE,,4.0,1226.0557
166,011001010,1,0.000244140625,0.0002592505955167164,False,False,INFACTIBLE,,4.0,1127.7566
167,111001010,1,0.000244140625,0.00018634783446273894,False,False,INFACTIBLE,,6.0,1663.0533999999998
172,001101010,1,0.000244140625,0.001473482143807457,False,False,INFACTIBLE,,2.0,760.4778
175,111101010,1,0.000244140625,2.9699584522154276e-05,False,False,INFACTIBLE,,8.0,2255.5132
180,001011010,1,0.000244140625,0.00021900332112988498,False,False,INFACTIBLE,,4.0,1127.7566
182,011011010,1,0.000244140625,9.454438141918975e-05,False,False,INFACTIBLE,,8.0,2066.0594
185,100111010,1,0.000244140625,0.00020483018545151374,False,False,INFACTIBLE,,6.0,1698.7805999999998
186,010111010,1,0.000244140625,0.00022466400172669687,False,False,INFACTIBLE,,8.0,2101.7866
188,001111010,1,0.000244140625,0.00020483018545151388,False,False,INFACTIBLE,,6.0,1698.7805999999998
198,011000110,1,0.000244140625,0.00041805521116503383,False,False,INFACTIBLE,,4.0,1069.1556
199,111000110,1,0.000244140625,8.890648063698235e-05,False,False,INFACTIBLE,,8.0,2062.8858999999998
203,110100110,1,0.000244140625,9.277744452640224e-05,False,False,INFACTIBLE,,8.0,2120.0489
205,101100110,1,0.000244140625,0.00019875137157128315,False,False,INFACTIBLE,,6.0,1707.8711999999998
206,011100110,1,0.000244140625,0.00022901135443537655,False,False,INFACTIBLE,,4.0,1203.1819
209,100010110,1,0.000244140625,0.0002815119769389151,False,False,INFACTIBLE,,4.0,1102.3235
210,010010110,1,0.000244140625,6.492571101360248e-05,False,False,INFACTIBLE,,6.0,1471.6295999999998
219,110110110,1,0.000244140625,2.584176010163554e-05,False,False,INFACTIBLE,,12.0,3079.2554999999998
229,101001110,1,0.000244140625,0.00016704900310249827,False,False,INFACTIBLE,,4.0,1249.4377
234,010101110,1,0.000244140625,0.0001560934917233371,False,False,INFACTIBLE,,4.0,1260.3449
240,000011110,1,0.000244140625,0.0003160321563120491,False,False,INFACTIBLE,,4.0,1116.6149
242,010011110,1,0.000244140625,0.00017509769465399818,False,False,INFACTIBLE,,6.0,1605.6558999999997
243,110011110,1,0.000244140625,3.674224798875256e-05,False,False,INFACTIBLE,,8.0,2162.3885
244,001011110,1,0.000244140625,0.00020151671618659964,False,False,INFACTIBLE,,4.0,1214.914
248,000111110,1,0.000244140625,8.927084885916016e-05,False,False,INFACTIBLE,,8.0,2146.0724
251,110111110,1,0.000244140625,1.7477097562581378e-05,False,False,INFACTIBLE,,14.0,3671.7153
269,101100001,1,0.000244140625,0.00019932494748339905,False,False,INFACTIBLE,,4.0,1210.1905
271,111100001,1,0.000244140625,0.00017127229841498587,False,False,INFACTIBLE,,6.0,1699.2314999999999
278,011010001,1,0.000244140625,0.0002790124121054942,False,False,INFACTIBLE,,4.0,1102.3235
283,110110001,1,0.000244140625,0.0001064048698781028,False,False,INFACTIBLE,,4.0,1215.446
292,001001001,1,0.000244140625,0.00041716218250152057,False,False,INFACTIBLE,,6.0,1600.9324
294,011001001,1,0.000244140625,0.00017384442027759364,False,False,INFACTIBLE,,6.0,1631.5398999999998
297,100101001,1,0.000244140625,0.00015865482056604755,False,False,INFACTIBLE,,4.0,1234.1856
299,110101001,1,0.000244140625,0.00012687124524376814,False,False,INFACTIBLE,,4.0,1286.2289
300,001101001,1,0.000244140625,0.00016515487588262536,False,False,INFACTIBLE,,6.0,1692.6191
301,101101001,1,0.000244140625,7.748378602092565e-05,False,False,INFACTIBLE,,8.0,2218.7442
308,001011001,1,0.000244140625,0.0001919473341814901,False,False,INFACTIBLE,,6.0,1643.272
310,011011001,1,0.000244140625,9.73832729920509e-05,False,False,INFACTIBLE,,8.0,2132.313
314,010111001,1,0.000244140625,0.00020508268574354651,False,False,INFACTIBLE,,6.0,1697.8745999999999
316,001111001,1,0.000244140625,0.00022315964362715443,False,False,INFACTIBLE,,8.0,2193.3922
321,100000101,1,0.000244140625,0.0009882310393804264,False,False,INFACTIBLE,,4.0,1117.0657999999999
323,110000101,1,0.000244140625,0.00023434590825528048,False,False,INFACTIBLE,,4.0,1135.4092
326,011000101,1,0.000244140625,0.00023434590825528024,False,False,INFACTIBLE,,4.0,1135.4092
329,100100101,1,0.000244140625,0.0001512950437884838,False,False,INFACTIBLE,,6.0,1667.186
334,011100101,1,0.000244140625,0.00016818029758117328,False,False,INFACTIBLE,,4.0,1248.5317
339,110010101,1,0.000244140625,0.00019193028381002725,False,False,INFACTIBLE,,4.0,1198.6526
341,101010101,1,0.000244140625,7.458692529232207e-05,False,False,INFACTIBLE,,4.0,1269.4366
342,011010101,1,0.000244140625,0.00019193028381002698,False,False,INFACTIBLE,,4.0,1198.6526
344,000110101,1,0.000244140625,0.00016646294548306072,False,False,INFACTIBLE,,4.0,1182.8685
348,001110101,1,0.000244140625,0.000145627074223036,False,False,INFACTIBLE,,4.0,1271.9959
356,001001101,1,0.000244140625,0.00015129504378848423,False,False,INFACTIBLE,,6.0,1667.186
371,110011101,1,0.000244140625,3.284274601203412e-05,False,False,INFACTIBLE,,6.0,1770.2086
372,001011101,1,0.000244140625,0.0002006093227601986,False,False,INFACTIBLE,,6.0,1730.4293999999998
373,101011101,1,0.000244140625,2.851596082446581e-05,False,False,INFACTIBLE,,8.0,2277.9903
376,000111101,1,0.000244140625,8.248106339960256e-05,False,False,INFACTIBLE,,8.0,2191.4222
395,110100011,1,0.000244140625,0.00022817079056419815,False,False,INFACTIBLE,,4.0,1203.1819
397,101100011,1,0.000244140625,0.00016704900310249881,False,False,INFACTIBLE,,4.0,1249.4377
404,001010011,1,0.000244140625,0.000281511976938915,False,False,INFACTIBLE,,4.0,1102.3235
405,101010011,1,0.000244140625,0.0001915528451033209,False,False,INFACTIBLE,,4.0,1200.6226
410,010110011,1,0.000244140625,0.00017509769465399866,False,False,INFACTIBLE,,6.0,1605.6558999999997
419,110001011,1,0.000244140625,0.00022901135443537606,False,False,INFACTIBLE,,4.0,1203.1819
420,001001011,1,0.000244140625,0.00017282300767783586,False,False,INFACTIBLE,,6.0,1631.0078999999998
424,000101011,1,0.000244140625,0.00015498507277641064,False,False,INFACTIBLE,,4.0,1208.3016
435,110011011,1,0.000244140625,3.753389955340389e-05,False,False,INFACTIBLE,,8.0,2162.3885
440,000111011,1,0.000244140625,8.927084885916035e-05,False,False,INFACTIBLE,,8.0,2146.0724
454,011000111,1,0.000244140625,8.887569650679356e-05,False,False,INFACTIBLE,,8.0,2061.4479
455,111000111,1,0.000244140625,2.408542555434063e-05,False,False,INFACTIBLE,,12.0,3055.1781999999994
456,000100111,1,0.000244140625,0.00012779176856562153,False,False,INFACTIBLE,,6.0,1620.3981999999999
460,001100111,1,0.000244140625,0.00017043291525318545,False,False,INFACTIBLE,,6.0,1697.2614999999998
479,111110111,1,0.000244140625,2.630528525154894e-06,False,False,INFACTIBLE,,18.0,4649.1842
480,000001111,1,0.000244140625,0.00012779176856562142,False,False,INFACTIBLE,,6.0,1620.3981999999999
502,011011111,1,0.000244140625,1.7586712559098525e-05,False,False,INFACTIBLE,,14.0,3634.0181
